timeStamp,elapsed,label,responseCode,responseMessage,threadName,dataType,success,failureMessage,bytes,sentBytes,grpThreads,allThreads,URL,Latency,IdleTime,Connect
1733240875879,13,[Get] HTTP Request,200,,[Full Test] Thread Group 4-1,text,true,,174,121,1,3,http://localhost:8080/users,12,0,0
1733240876083,14,[Get] HTTP Request,200,,[Full Test] Thread Group 4-2,text,true,,339,121,2,2,http://localhost:8080/users,14,0,1
1733240875892,207,[Post] HTTP Request,200,,[Full Test] Thread Group 4-1,text,true,,227,233,2,2,http://localhost:8080/users,203,0,0
1733240876098,9,[Post] HTTP Request,200,,[Full Test] Thread Group 4-2,text,true,,227,233,2,2,http://localhost:8080/users,8,0,0
1733240876108,23,[Put] HTTP Request,200,,[Full Test] Thread Group 4-2,text,true,,237,244,2,2,http://localhost:8080/users/1,23,0,0
1733240876099,33,[Put] HTTP Request,200,,[Full Test] Thread Group 4-1,text,true,,237,244,1,1,http://localhost:8080/users/1,32,0,0
1733240876311,11,[Get] HTTP Request,200,,[Full Test] Thread Group 4-3,text,true,,460,121,1,1,http://localhost:8080/users,10,0,1
1733240876322,7,[Post] HTTP Request,200,,[Full Test] Thread Group 4-3,text,true,,227,233,1,1,http://localhost:8080/users,7,0,0
1733240876329,11,[Put] HTTP Request,200,,[Full Test] Thread Group 4-3,text,true,,237,244,1,1,http://localhost:8080/users/1,10,0,0
1733240876498,10,[Get] HTTP Request,200,,[Full Test] Thread Group 4-4,text,true,,570,121,1,1,http://localhost:8080/users,10,0,1
1733240876509,8,[Post] HTTP Request,200,,[Full Test] Thread Group 4-4,text,true,,227,233,1,1,http://localhost:8080/users,7,0,0
1733240876517,14,[Put] HTTP Request,200,,[Full Test] Thread Group 4-4,text,true,,237,244,1,1,http://localhost:8080/users/1,14,0,0
1733240876689,19,[Get] HTTP Request,200,,[Full Test] Thread Group 4-5,text,true,,680,121,1,1,http://localhost:8080/users,18,0,2
1733240876709,10,[Post] HTTP Request,200,,[Full Test] Thread Group 4-5,text,true,,228,233,1,1,http://localhost:8080/users,9,0,0
1733240876719,17,[Put] HTTP Request,200,,[Full Test] Thread Group 4-5,text,true,,237,244,1,1,http://localhost:8080/users/1,16,0,0
1733240876892,16,[Get] HTTP Request,200,,[Full Test] Thread Group 4-6,text,true,,792,121,1,1,http://localhost:8080/users,13,0,1
1733240876908,18,[Post] HTTP Request,200,,[Full Test] Thread Group 4-6,text,true,,228,233,1,1,http://localhost:8080/users,17,0,0
1733240876927,8,[Put] HTTP Request,200,,[Full Test] Thread Group 4-6,text,true,,237,244,1,1,http://localhost:8080/users/1,7,0,0
1733240877087,9,[Get] HTTP Request,200,,[Full Test] Thread Group 4-7,text,true,,904,121,1,1,http://localhost:8080/users,9,0,1
1733240877096,10,[Post] HTTP Request,200,,[Full Test] Thread Group 4-7,text,true,,228,233,1,1,http://localhost:8080/users,9,0,0
1733240877106,9,[Put] HTTP Request,200,,[Full Test] Thread Group 4-7,text,true,,237,244,1,1,http://localhost:8080/users/1,9,0,0
1733240877286,8,[Get] HTTP Request,200,,[Full Test] Thread Group 4-8,text,true,,1016,121,1,1,http://localhost:8080/users,7,0,1
1733240877294,6,[Post] HTTP Request,200,,[Full Test] Thread Group 4-8,text,true,,228,233,1,1,http://localhost:8080/users,6,0,0
1733240877301,8,[Put] HTTP Request,200,,[Full Test] Thread Group 4-8,text,true,,237,244,1,1,http://localhost:8080/users/1,7,0,0
1733240877485,8,[Get] HTTP Request,200,,[Full Test] Thread Group 4-9,text,true,,1128,121,1,1,http://localhost:8080/users,8,0,1
1733240877494,6,[Post] HTTP Request,200,,[Full Test] Thread Group 4-9,text,true,,228,233,1,1,http://localhost:8080/users,5,0,0
1733240877500,8,[Put] HTTP Request,200,,[Full Test] Thread Group 4-9,text,true,,237,244,1,1,http://localhost:8080/users/1,8,0,0
1733240877687,8,[Get] HTTP Request,200,,[Full Test] Thread Group 4-10,text,true,,1240,121,1,1,http://localhost:8080/users,8,0,1
1733240877695,7,[Post] HTTP Request,200,,[Full Test] Thread Group 4-10,text,true,,228,233,1,1,http://localhost:8080/users,6,0,0
1733240877702,8,[Put] HTTP Request,200,,[Full Test] Thread Group 4-10,text,true,,237,244,1,1,http://localhost:8080/users/1,7,0,0
1733240877886,10,[Get] HTTP Request,200,,[Full Test] Thread Group 4-11,text,true,,1352,121,1,1,http://localhost:8080/users,10,0,1
1733240877897,6,[Post] HTTP Request,200,,[Full Test] Thread Group 4-11,text,true,,228,233,1,1,http://localhost:8080/users,6,0,0
1733240877903,8,[Put] HTTP Request,200,,[Full Test] Thread Group 4-11,text,true,,237,244,1,1,http://localhost:8080/users/1,7,0,0
1733240878085,9,[Get] HTTP Request,200,,[Full Test] Thread Group 4-12,text,true,,1464,121,1,1,http://localhost:8080/users,9,0,1
1733240878094,6,[Post] HTTP Request,200,,[Full Test] Thread Group 4-12,text,true,,228,233,1,1,http://localhost:8080/users,6,0,0
1733240878100,8,[Put] HTTP Request,200,,[Full Test] Thread Group 4-12,text,true,,237,244,1,1,http://localhost:8080/users/1,8,0,0
1733240878284,10,[Get] HTTP Request,200,,[Full Test] Thread Group 4-13,text,true,,1576,121,1,1,http://localhost:8080/users,10,0,1
1733240878295,5,[Post] HTTP Request,200,,[Full Test] Thread Group 4-13,text,true,,228,233,1,1,http://localhost:8080/users,5,0,0
1733240878301,9,[Put] HTTP Request,200,,[Full Test] Thread Group 4-13,text,true,,237,244,1,1,http://localhost:8080/users/1,8,0,0
1733240878483,9,[Get] HTTP Request,200,,[Full Test] Thread Group 4-14,text,true,,1688,121,1,1,http://localhost:8080/users,9,0,2
1733240878492,5,[Post] HTTP Request,200,,[Full Test] Thread Group 4-14,text,true,,228,233,1,1,http://localhost:8080/users,5,0,0
1733240878498,6,[Put] HTTP Request,200,,[Full Test] Thread Group 4-14,text,true,,237,244,1,1,http://localhost:8080/users/1,6,0,0
1733240878685,9,[Get] HTTP Request,200,,[Full Test] Thread Group 4-15,text,true,,1800,121,1,1,http://localhost:8080/users,8,0,1
1733240878694,6,[Post] HTTP Request,200,,[Full Test] Thread Group 4-15,text,true,,228,233,1,1,http://localhost:8080/users,6,0,0
1733240878701,8,[Put] HTTP Request,200,,[Full Test] Thread Group 4-15,text,true,,237,244,1,1,http://localhost:8080/users/1,8,0,0
1733240878885,7,[Get] HTTP Request,200,,[Full Test] Thread Group 4-16,text,true,,1912,121,1,1,http://localhost:8080/users,7,0,1
1733240878892,5,[Post] HTTP Request,200,,[Full Test] Thread Group 4-16,text,true,,228,233,1,1,http://localhost:8080/users,5,0,0
1733240878897,7,[Put] HTTP Request,200,,[Full Test] Thread Group 4-16,text,true,,237,244,1,1,http://localhost:8080/users/1,6,0,0
1733240879070,7,[Get] HTTP Request,200,,[Full Test] Thread Group 4-17,text,true,,2024,121,1,1,http://localhost:8080/users,7,0,1
1733240879078,4,[Post] HTTP Request,200,,[Full Test] Thread Group 4-17,text,true,,228,233,1,1,http://localhost:8080/users,4,0,0
1733240879083,5,[Put] HTTP Request,200,,[Full Test] Thread Group 4-17,text,true,,237,244,1,1,http://localhost:8080/users/1,5,0,0
1733240879269,6,[Get] HTTP Request,200,,[Full Test] Thread Group 4-18,text,true,,2136,121,1,1,http://localhost:8080/users,6,0,1
1733240879276,4,[Post] HTTP Request,200,,[Full Test] Thread Group 4-18,text,true,,228,233,1,1,http://localhost:8080/users,3,0,0
1733240879280,4,[Put] HTTP Request,200,,[Full Test] Thread Group 4-18,text,true,,237,244,1,1,http://localhost:8080/users/1,4,0,0
1733240879469,6,[Get] HTTP Request,200,,[Full Test] Thread Group 4-19,text,true,,2248,121,1,1,http://localhost:8080/users,6,0,1
1733240879476,3,[Post] HTTP Request,200,,[Full Test] Thread Group 4-19,text,true,,228,233,1,1,http://localhost:8080/users,3,0,0
1733240879480,4,[Put] HTTP Request,200,,[Full Test] Thread Group 4-19,text,true,,237,244,1,1,http://localhost:8080/users/1,4,0,0
1733240879669,5,[Get] HTTP Request,200,,[Full Test] Thread Group 4-20,text,true,,2360,121,1,1,http://localhost:8080/users,5,0,1
1733240879674,4,[Post] HTTP Request,200,,[Full Test] Thread Group 4-20,text,true,,228,233,1,1,http://localhost:8080/users,4,0,0
1733240879678,4,[Put] HTTP Request,200,,[Full Test] Thread Group 4-20,text,true,,237,244,1,1,http://localhost:8080/users/1,4,0,0
1733240879869,6,[Get] HTTP Request,200,,[Full Test] Thread Group 4-21,text,true,,2472,121,1,1,http://localhost:8080/users,5,0,1
1733240879875,4,[Post] HTTP Request,200,,[Full Test] Thread Group 4-21,text,true,,228,233,1,1,http://localhost:8080/users,4,0,0
1733240879879,5,[Put] HTTP Request,200,,[Full Test] Thread Group 4-21,text,true,,237,244,1,1,http://localhost:8080/users/1,5,0,0
1733240880086,8,[Get] HTTP Request,200,,[Full Test] Thread Group 4-22,text,true,,2584,121,1,1,http://localhost:8080/users,7,0,1
1733240880094,4,[Post] HTTP Request,200,,[Full Test] Thread Group 4-22,text,true,,228,233,1,1,http://localhost:8080/users,4,0,0
1733240880098,6,[Put] HTTP Request,200,,[Full Test] Thread Group 4-22,text,true,,237,244,1,1,http://localhost:8080/users/1,6,0,0
1733240880254,6,[Get] HTTP Request,200,,[Full Test] Thread Group 4-23,text,true,,2640,121,1,2,http://localhost:8080/users,6,0,0
1733240880261,6,[Post] HTTP Request,200,,[Full Test] Thread Group 4-23,text,true,,228,233,1,1,http://localhost:8080/users,5,0,0
1733240880267,7,[Put] HTTP Request,200,,[Full Test] Thread Group 4-23,text,true,,237,244,1,1,http://localhost:8080/users/1,7,0,0
1733240880470,8,[Get] HTTP Request,200,,[Full Test] Thread Group 4-24,text,true,,2808,121,1,1,http://localhost:8080/users,7,0,2
1733240880478,4,[Post] HTTP Request,200,,[Full Test] Thread Group 4-24,text,true,,228,233,1,1,http://localhost:8080/users,4,0,0
1733240880482,6,[Put] HTTP Request,200,,[Full Test] Thread Group 4-24,text,true,,237,244,1,1,http://localhost:8080/users/1,5,0,0
1733240880669,5,[Get] HTTP Request,200,,[Full Test] Thread Group 4-25,text,true,,2864,121,1,1,http://localhost:8080/users,5,0,1
1733240880674,5,[Post] HTTP Request,200,,[Full Test] Thread Group 4-25,text,true,,228,233,1,1,http://localhost:8080/users,4,0,0
1733240880679,4,[Put] HTTP Request,200,,[Full Test] Thread Group 4-25,text,true,,237,244,1,1,http://localhost:8080/users/1,4,0,0
1733240880870,5,[Get] HTTP Request,200,,[Full Test] Thread Group 4-26,text,true,,3032,121,1,1,http://localhost:8080/users,5,0,1
1733240880875,3,[Post] HTTP Request,200,,[Full Test] Thread Group 4-26,text,true,,228,233,1,1,http://localhost:8080/users,3,0,0
1733240880879,4,[Put] HTTP Request,200,,[Full Test] Thread Group 4-26,text,true,,237,244,1,1,http://localhost:8080/users/1,4,0,0
1733240881085,7,[Get] HTTP Request,200,,[Full Test] Thread Group 4-27,text,true,,3144,121,1,1,http://localhost:8080/users,6,0,1
1733240881092,5,[Post] HTTP Request,200,,[Full Test] Thread Group 4-27,text,true,,228,233,1,1,http://localhost:8080/users,4,0,0
1733240881097,5,[Put] HTTP Request,200,,[Full Test] Thread Group 4-27,text,true,,237,244,1,1,http://localhost:8080/users/1,4,0,0
1733240881286,6,[Get] HTTP Request,200,,[Full Test] Thread Group 4-28,text,true,,3256,121,1,1,http://localhost:8080/users,6,0,1
1733240881292,4,[Post] HTTP Request,200,,[Full Test] Thread Group 4-28,text,true,,228,233,1,1,http://localhost:8080/users,3,0,0
1733240881296,4,[Put] HTTP Request,200,,[Full Test] Thread Group 4-28,text,true,,237,244,1,1,http://localhost:8080/users/1,4,0,0
1733240881486,6,[Get] HTTP Request,200,,[Full Test] Thread Group 4-29,text,true,,3368,121,1,1,http://localhost:8080/users,6,0,1
1733240881492,3,[Post] HTTP Request,200,,[Full Test] Thread Group 4-29,text,true,,228,233,1,1,http://localhost:8080/users,3,0,0
1733240881495,4,[Put] HTTP Request,200,,[Full Test] Thread Group 4-29,text,true,,237,244,1,1,http://localhost:8080/users/1,4,0,0
1733240881685,5,[Get] HTTP Request,200,,[Full Test] Thread Group 4-30,text,true,,3480,121,1,1,http://localhost:8080/users,5,0,1
1733240881690,4,[Post] HTTP Request,200,,[Full Test] Thread Group 4-30,text,true,,228,233,1,1,http://localhost:8080/users,4,0,0
1733240881694,4,[Put] HTTP Request,200,,[Full Test] Thread Group 4-30,text,true,,237,244,1,1,http://localhost:8080/users/1,4,0,0
1733240881886,8,[Get] HTTP Request,200,,[Full Test] Thread Group 4-31,text,true,,3592,121,1,1,http://localhost:8080/users,7,0,2
1733240881894,4,[Post] HTTP Request,200,,[Full Test] Thread Group 4-31,text,true,,228,233,1,1,http://localhost:8080/users,3,0,0
1733240881898,6,[Put] HTTP Request,200,,[Full Test] Thread Group 4-31,text,true,,237,244,1,1,http://localhost:8080/users/1,6,0,0
1733240882053,5,[Get] HTTP Request,200,,[Full Test] Thread Group 4-32,text,true,,3648,121,1,2,http://localhost:8080/users,5,0,1
1733240882058,4,[Post] HTTP Request,200,,[Full Test] Thread Group 4-32,text,true,,228,233,1,1,http://localhost:8080/users,4,0,0
1733240882063,3,[Put] HTTP Request,200,,[Full Test] Thread Group 4-32,text,true,,237,244,1,1,http://localhost:8080/users/1,3,0,0
1733240882285,5,[Get] HTTP Request,200,,[Full Test] Thread Group 4-33,text,true,,3760,121,1,2,http://localhost:8080/users,5,0,1
1733240882291,4,[Post] HTTP Request,200,,[Full Test] Thread Group 4-33,text,true,,228,233,1,1,http://localhost:8080/users,4,0,0
1733240882295,5,[Put] HTTP Request,200,,[Full Test] Thread Group 4-33,text,true,,237,244,1,1,http://localhost:8080/users/1,5,0,0
1733240882486,9,[Get] HTTP Request,200,,[Full Test] Thread Group 4-34,text,true,,3928,121,1,1,http://localhost:8080/users,9,0,1
1733240882495,5,[Post] HTTP Request,200,,[Full Test] Thread Group 4-34,text,true,,228,233,1,1,http://localhost:8080/users,5,0,0
1733240882501,6,[Put] HTTP Request,200,,[Full Test] Thread Group 4-34,text,true,,237,244,1,1,http://localhost:8080/users/1,6,0,0
1733240882685,7,[Get] HTTP Request,200,,[Full Test] Thread Group 4-35,text,true,,4040,121,1,1,http://localhost:8080/users,7,0,1
1733240882693,3,[Post] HTTP Request,200,,[Full Test] Thread Group 4-35,text,true,,228,233,1,1,http://localhost:8080/users,3,0,0
1733240882696,5,[Put] HTTP Request,200,,[Full Test] Thread Group 4-35,text,true,,237,244,1,1,http://localhost:8080/users/1,4,0,0
1733240882854,5,[Get] HTTP Request,200,,[Full Test] Thread Group 4-36,text,true,,4096,121,1,1,http://localhost:8080/users,5,0,0
1733240882860,4,[Post] HTTP Request,200,,[Full Test] Thread Group 4-36,text,true,,228,233,1,1,http://localhost:8080/users,4,0,0
1733240882864,5,[Put] HTTP Request,200,,[Full Test] Thread Group 4-36,text,true,,237,244,1,2,http://localhost:8080/users/1,4,0,0
1733240883053,4,[Get] HTTP Request,200,,[Full Test] Thread Group 4-37,text,true,,4208,121,1,2,http://localhost:8080/users,4,0,0
1733240883058,3,[Post] HTTP Request,200,,[Full Test] Thread Group 4-37,text,true,,228,233,1,1,http://localhost:8080/users,3,0,0
1733240883061,4,[Put] HTTP Request,200,,[Full Test] Thread Group 4-37,text,true,,237,244,1,1,http://localhost:8080/users/1,4,0,0
1733240883286,4,[Get] HTTP Request,200,,[Full Test] Thread Group 4-38,text,true,,4321,121,1,2,http://localhost:8080/users,4,0,0
1733240883291,3,[Post] HTTP Request,200,,[Full Test] Thread Group 4-38,text,true,,228,233,1,1,http://localhost:8080/users,3,0,0
1733240883294,4,[Put] HTTP Request,200,,[Full Test] Thread Group 4-38,text,true,,237,244,1,1,http://localhost:8080/users/1,3,0,0
1733240883486,6,[Get] HTTP Request,200,,[Full Test] Thread Group 4-39,text,true,,4489,121,1,1,http://localhost:8080/users,6,0,1
1733240883492,4,[Post] HTTP Request,200,,[Full Test] Thread Group 4-39,text,true,,228,233,1,1,http://localhost:8080/users,4,0,0
1733240883496,4,[Put] HTTP Request,200,,[Full Test] Thread Group 4-39,text,true,,237,244,1,1,http://localhost:8080/users/1,4,0,0
1733240883653,5,[Get] HTTP Request,200,,[Full Test] Thread Group 4-40,text,true,,4545,121,1,2,http://localhost:8080/users,5,0,1
1733240883659,3,[Post] HTTP Request,200,,[Full Test] Thread Group 4-40,text,true,,228,233,1,1,http://localhost:8080/users,3,0,0
1733240883663,3,[Put] HTTP Request,200,,[Full Test] Thread Group 4-40,text,true,,237,244,1,1,http://localhost:8080/users/1,3,0,0
1733240883886,5,[Get] HTTP Request,200,,[Full Test] Thread Group 4-41,text,true,,4657,121,1,2,http://localhost:8080/users,5,0,1
1733240883891,4,[Post] HTTP Request,200,,[Full Test] Thread Group 4-41,text,true,,228,233,1,1,http://localhost:8080/users,4,0,0
1733240883896,4,[Put] HTTP Request,200,,[Full Test] Thread Group 4-41,text,true,,237,244,1,1,http://localhost:8080/users/1,4,0,0
1733240884086,7,[Get] HTTP Request,200,,[Full Test] Thread Group 4-42,text,true,,4825,121,1,1,http://localhost:8080/users,7,0,1
1733240884093,5,[Post] HTTP Request,200,,[Full Test] Thread Group 4-42,text,true,,228,233,1,1,http://localhost:8080/users,5,0,0
1733240884098,7,[Put] HTTP Request,200,,[Full Test] Thread Group 4-42,text,true,,237,244,1,1,http://localhost:8080/users/1,7,0,0
1733240884286,6,[Get] HTTP Request,200,,[Full Test] Thread Group 4-43,text,true,,4937,121,1,1,http://localhost:8080/users,6,0,1
1733240884293,4,[Post] HTTP Request,200,,[Full Test] Thread Group 4-43,text,true,,228,233,1,1,http://localhost:8080/users,4,0,0
1733240884298,4,[Put] HTTP Request,200,,[Full Test] Thread Group 4-43,text,true,,237,244,1,1,http://localhost:8080/users/1,4,0,0
1733240884486,5,[Get] HTTP Request,200,,[Full Test] Thread Group 4-44,text,true,,5049,121,1,1,http://localhost:8080/users,5,0,1
1733240884492,4,[Post] HTTP Request,200,,[Full Test] Thread Group 4-44,text,true,,228,233,1,1,http://localhost:8080/users,4,0,0
1733240884496,5,[Put] HTTP Request,200,,[Full Test] Thread Group 4-44,text,true,,237,244,1,1,http://localhost:8080/users/1,4,0,0
1733240884686,6,[Get] HTTP Request,200,,[Full Test] Thread Group 4-45,text,true,,5161,121,1,1,http://localhost:8080/users,6,0,2
1733240884692,4,[Post] HTTP Request,200,,[Full Test] Thread Group 4-45,text,true,,228,233,1,1,http://localhost:8080/users,4,0,0
1733240884697,4,[Put] HTTP Request,200,,[Full Test] Thread Group 4-45,text,true,,237,244,1,1,http://localhost:8080/users/1,4,0,0
1733240884886,6,[Get] HTTP Request,200,,[Full Test] Thread Group 4-46,text,true,,5273,121,1,1,http://localhost:8080/users,6,0,1
1733240884892,4,[Post] HTTP Request,200,,[Full Test] Thread Group 4-46,text,true,,228,233,1,1,http://localhost:8080/users,4,0,0
1733240884897,3,[Put] HTTP Request,200,,[Full Test] Thread Group 4-46,text,true,,237,244,1,1,http://localhost:8080/users/1,3,0,0
1733240885086,5,[Get] HTTP Request,200,,[Full Test] Thread Group 4-47,text,true,,5385,121,1,1,http://localhost:8080/users,5,0,1
1733240885091,3,[Post] HTTP Request,200,,[Full Test] Thread Group 4-47,text,true,,228,233,1,1,http://localhost:8080/users,3,0,0
1733240885094,5,[Put] HTTP Request,200,,[Full Test] Thread Group 4-47,text,true,,237,244,1,1,http://localhost:8080/users/1,4,0,0
1733240885285,6,[Get] HTTP Request,200,,[Full Test] Thread Group 4-48,text,true,,5441,121,1,2,http://localhost:8080/users,6,0,1
1733240885291,5,[Post] HTTP Request,200,,[Full Test] Thread Group 4-48,text,true,,228,233,1,1,http://localhost:8080/users,5,0,0
1733240885296,6,[Put] HTTP Request,200,,[Full Test] Thread Group 4-48,text,true,,237,244,1,1,http://localhost:8080/users/1,5,0,0
1733240885454,5,[Get] HTTP Request,200,,[Full Test] Thread Group 4-49,text,true,,5553,121,1,2,http://localhost:8080/users,5,0,0
1733240885459,5,[Post] HTTP Request,200,,[Full Test] Thread Group 4-49,text,true,,228,233,1,1,http://localhost:8080/users,4,0,0
1733240885464,4,[Put] HTTP Request,200,,[Full Test] Thread Group 4-49,text,true,,237,244,1,1,http://localhost:8080/users/1,4,0,0
1733240885686,4,[Get] HTTP Request,200,,[Full Test] Thread Group 4-50,text,true,,5721,121,1,1,http://localhost:8080/users,4,0,1
1733240885691,3,[Post] HTTP Request,200,,[Full Test] Thread Group 4-50,text,true,,229,233,1,1,http://localhost:8080/users,3,0,0
1733240885694,4,[Put] HTTP Request,200,,[Full Test] Thread Group 4-50,text,true,,237,244,1,1,http://localhost:8080/users/1,3,0,0
